{
  "1": {
    "name": "Basics",
    "parent": null,
    "linkedTo": [
      9,
      20
    ]
  },
  "2": {
    "name": "Variables",
    "parent": 1,
    "linkedTo": [
      3,
      4,
      5
    ]
  },
  "3": {
    "name": "Statements",
    "parent": 1,
    "linkedTo": [
      7
    ]
  },
  "4": {
    "name": "Data Types",
    "parent": 1,
    "linkedTo": [
      6,
      7,
      8
    ]
  },
  "5": {
    "name": "Constants",
    "parent": 1,
    "linkedTo": [
      8
    ]
  },
  "6": {
    "name": "Casting",
    "parent": 1,
    "linkedTo": []
  },
  "7": {
    "name": "Arithmetic Operators",
    "parent": 1,
    "linkedTo": [
      8
    ]
  },
  "8": {
    "name": "Simple Calculation Programs",
    "parent": 1,
    "linkedTo": []
  },
  "9": {
    "name": "Pre-Defined Classes",
    "parent": null,
    "linkedTo": [
      52
    ]
  },
  "10": {
    "name": "OOP Overview",
    "parent": 9,
    "linkedTo": [
      11,
      12,
      13,
      14
    ]
  },
  "11": {
    "name": "Scanner",
    "parent": 9,
    "linkedTo": [
      19
    ]
  },
  "12": {
    "name": "Random",
    "parent": 9,
    "linkedTo": [
      16
    ]
  },
  "13": {
    "name": "Math",
    "parent": 9,
    "linkedTo": [
      17
    ]
  },
  "14": {
    "name": "Character",
    "parent": 9,
    "linkedTo": [
      15
    ]
  },
  "15": {
    "name": "String",
    "parent": 9,
    "linkedTo": [
      18
    ]
  },
  "16": {
    "name": "Programs with Changing Behaviours",
    "parent": 9,
    "linkedTo": []
  },
  "17": {
    "name": "Mathematical Programs",
    "parent": 9,
    "linkedTo": []
  },
  "18": {
    "name": "Programs Taking Sentence User Input",
    "parent": 9,
    "linkedTo": []
  },
  "19": {
    "name": "Simple Programs Taking Numeric User Input",
    "parent": 9,
    "linkedTo": [
      18
    ]
  },
  "20": {
    "name": "Conditionals",
    "parent": null,
    "linkedTo": [
      9,
      28,
      37
    ]
  },
  "21": {
    "name": "Boolean Expressions",
    "parent": 20,
    "linkedTo": [
      22,
      23,
      24
    ]
  },
  "22": {
    "name": "Relational and Logical Operators",
    "parent": 20,
    "linkedTo": [
      24
    ]
  },
  "23": {
    "name": "Decision Diagrams",
    "parent": 20,
    "linkedTo": [
      24
    ]
  },
  "24": {
    "name": "Conditional Statements",
    "parent": 20,
    "linkedTo": [
      25,
      26
    ]
  },
  "25": {
    "name": "Simple Programs With Decision Points",
    "parent": 20,
    "linkedTo": [
      27
    ]
  },
  "26": {
    "name": "Nested Conditional Statements",
    "parent": 20,
    "linkedTo": [
      27
    ]
  },
  "27": {
    "name": "Programs With Decision Points",
    "parent": 20,
    "linkedTo": []
  },
  "28": {
    "name": "Loops",
    "parent": null,
    "linkedTo": [
      37,
      44
    ]
  },
  "29": {
    "name": "Identifying Repetition",
    "parent": 28,
    "linkedTo": [
      30,
      32,
      33
    ]
  },
  "30": {
    "name": "Decision Diagrams",
    "parent": 28,
    "linkedTo": [
      32,
      33
    ]
  },
  "31": {
    "name": "Variable Scope",
    "parent": 28,
    "linkedTo": [
      34
    ]
  },
  "32": {
    "name": "For Loops",
    "parent": 28,
    "linkedTo": [
      34,
      35
    ]
  },
  "33": {
    "name": "While Loops",
    "parent": 28,
    "linkedTo": [
      34,
      35
    ]
  },
  "34": {
    "name": "Nested Loops",
    "parent": 28,
    "linkedTo": [
      36
    ]
  },
  "35": {
    "name": "Simple Programs With Repetition",
    "parent": 28,
    "linkedTo": [
      36
    ]
  },
  "36": {
    "name": "Programs With Repetition",
    "parent": 28,
    "linkedTo": []
  },
  "37": {
    "name": "Methods",
    "parent": null,
    "linkedTo": [
      52
    ]
  },
  "38": {
    "name": "Information Hiding and Abstraction",
    "parent": 37,
    "linkedTo": [
      39,
      40
    ]
  },
  "39": {
    "name": "Using Methods",
    "parent": 37,
    "linkedTo": [
      40
    ]
  },
  "40": {
    "name": "Defining Methods",
    "parent": 37,
    "linkedTo": [
      42,
      43
    ]
  },
  "41": {
    "name": "Variable Scope",
    "parent": 37,
    "linkedTo": [
      40
    ]
  },
  "42": {
    "name": "Method Overloading",
    "parent": 37,
    "linkedTo": [
      43
    ]
  },
  "43": {
    "name": "Modular Programs",
    "parent": 37,
    "linkedTo": []
  },
  "44": {
    "name": "Arrays",
    "parent": null,
    "linkedTo": [
      52
    ]
  },
  "45": {
    "name": "Data Representation",
    "parent": 44,
    "linkedTo": [
      46,
      47,
      48
    ]
  },
  "46": {
    "name": "Defining Arrays",
    "parent": 44,
    "linkedTo": [
      47
    ]
  },
  "47": {
    "name": "Referencing Array and Its Elements",
    "parent": 44,
    "linkedTo": [
      49,
      50
    ]
  },
  "48": {
    "name": "Multidimensional Arrays",
    "parent": 44,
    "linkedTo": [
      49,
      51
    ]
  },
  "49": {
    "name": "Arrays with Methods",
    "parent": 44,
    "linkedTo": [
      50,
      51
    ]
  },
  "50": {
    "name": "Programs Involving Data Sequences",
    "parent": 44,
    "linkedTo": [
      51
    ]
  },
  "51": {
    "name": "Programs Involving Multidimensional Data",
    "parent": 44,
    "linkedTo": []
  },
  "52": {
    "name": "Object Oriented Programming",
    "parent": null,
    "linkedTo": []
  },
  "53": {
    "name": "OOP Overview",
    "parent": 52,
    "linkedTo": [
      54,
      57
    ]
  },
  "54": {
    "name": "User Defined Classes",
    "parent": 52,
    "linkedTo": [
      58,
      61
    ]
  },
  "55": {
    "name": "Variable Scope",
    "parent": 52,
    "linkedTo": [
      54
    ]
  },
  "56": {
    "name": "The Static Modifier",
    "parent": 52,
    "linkedTo": [
      60
    ]
  },
  "57": {
    "name": "Programs with Multiple Classes",
    "parent": 52,
    "linkedTo": [
      61
    ]
  },
  "58": {
    "name": "Special Class Method",
    "parent": 52,
    "linkedTo": [
      59
    ]
  },
  "59": {
    "name": "Simple Programs With User Defined Classes",
    "parent": 52,
    "linkedTo": [
      60
    ]
  },
  "60": {
    "name": "Programs With Interesting Classes",
    "parent": 52,
    "linkedTo": []
  },
  "61": {
    "name": "Creating Objects From Classes",
    "parent": 52,
    "linkedTo": [
      62
    ]
  },
  "62": {
    "name": "Object Independence",
    "parent": 52,
    "linkedTo": [
      59
    ]
  },
  "63": {
    "name": "Object Interactions",
    "parent": 52,
    "linkedTo": [
      59
    ]
  }
}